{
  "CAGR": 0.024091936664365043,
  "AnnVol": 0.037788503815875604,
  "Sharpe": 0.6375467200753158,
  "MaxDrawdown": -0.043785934005786266
}