{
  "run_id": "20250916_183216",
  "n_assets": 12,
  "n_pairs_scanned": 66,
  "top_pairs_found": 5,
  "metrics": {
    "CAGR": 0.024091936664365043,
    "AnnVol": 0.037788503815875604,
    "Sharpe": 0.6375467200753158,
    "MaxDrawdown": -0.043785934005786266
  }
}